epoch,time,train/box_loss,train/cls_loss,train/dfl_loss,metrics/precision(B),metrics/recall(B),metrics/mAP50(B),metrics/mAP50-95(B),val/box_loss,val/cls_loss,val/dfl_loss,lr/pg0,lr/pg1,lr/pg2
1,4.32986,2.88361,4.20617,1.92549,0,0,0,0,4.27071,1.02734e+06,56.2045,0.00192593,0.00192593,0.0826667
2,8.13376,3.18675,3.60096,2.28813,0,0,0,0,4.77352,1.47236e+09,2.17076e+06,0.00392582,0.00392582,0.0646666
3,11.8487,3.1665,3.6949,2.34895,0,0,0,0,4.44001,2.9504e+07,59736,0.00592528,0.00592528,0.046666
4,15.3839,3.22468,3.49826,2.19668,1e-05,0.00498,0,0,4.0664,4.79479e+06,4044.51,0.00792399,0.00792399,0.0286647
5,18.9913,3.16397,3.55676,2.1983,0,0,0,0,4.12184,2.06956e+06,548.602,0.00992162,0.00992162,0.0106624
6,22.6231,3.00601,3.50083,2.16494,0,0,0,0,5.00816,2.23037e+06,353.734,0.00999322,0.00999322,0.00999322
7,26.1155,2.83698,3.42281,2.12694,0.05391,0.06621,0.02101,0.00672,3.82959,30.7791,6.92948,0.00999023,0.00999023,0.00999023
8,29.5757,2.89785,3.2904,2.14302,0.22116,0.10638,0.06435,0.02152,3.01076,6.90174,2.23676,0.00998671,0.00998671,0.00998671
9,33.0896,2.84513,3.17516,2.00513,0.08803,0.09629,0.03496,0.00849,3.165,13.5684,2.76598,0.00998264,0.00998264,0.00998264
10,36.5868,2.7743,3.09263,2.02094,0.02527,0.12808,0.0143,0.00475,3.03843,11.587,2.38227,0.00997803,0.00997803,0.00997803
11,39.9588,2.79248,3.11315,1.93745,0,0,0,0,3.67476,8.02736,8.86235,0.00997288,0.00997288,0.00997288
12,43.3298,2.7827,3.06097,1.95785,0,0,0,0,2.73637,14.9524,18.6499,0.0099672,0.0099672,0.0099672
13,46.8205,2.65243,2.98069,1.93178,0.16778,0.07973,0.0398,0.01437,2.83033,4.22453,2.6107,0.00996097,0.00996097,0.00996097
14,50.274,2.70749,3.11119,1.90192,0.00315,0.21211,0.00435,0.00101,3.3196,3.85998,2.64829,0.0099542,0.0099542,0.0099542
15,53.7344,2.69227,2.93228,1.84317,0.21264,0.12027,0.08996,0.02768,2.89639,3.54323,2.09481,0.0099469,0.0099469,0.0099469
16,57.2074,2.66184,2.94856,1.85573,0.12614,0.05549,0.04825,0.01194,3.15398,4.08335,2.09695,0.00993906,0.00993906,0.00993906
17,60.671,2.66182,2.84695,1.86104,0.21793,0.1819,0.13028,0.04026,2.84341,2.56269,1.85612,0.00993068,0.00993068,0.00993068
18,64.1936,2.73976,2.89144,1.81692,0.21449,0.1417,0.08867,0.02748,2.73584,3.96625,2.16836,0.00992177,0.00992177,0.00992177
19,67.7023,2.64334,2.94371,1.89487,0.14475,0.17371,0.08173,0.02125,2.87824,3.35523,2.00093,0.00991232,0.00991232,0.00991232
20,71.1264,2.65702,2.91788,1.83768,0.28156,0.15012,0.13146,0.03727,2.86402,2.63801,1.83011,0.00990234,0.00990234,0.00990234
21,74.5815,2.59418,2.75933,1.7441,0.02083,0.32102,0.03838,0.01323,3.0736,3.42592,1.85359,0.00989183,0.00989183,0.00989183
22,78.0786,2.53962,2.78126,1.76206,0.09037,0.06264,0.03928,0.01525,2.96945,2.86901,1.7473,0.00988079,0.00988079,0.00988079
23,81.5494,2.52667,2.72052,1.761,0.13518,0.21672,0.08359,0.02528,2.73552,2.45197,1.84232,0.00986922,0.00986922,0.00986922
24,84.9674,2.48051,2.6704,1.8097,0.13027,0.2065,0.11916,0.0301,2.754,2.51031,1.87461,0.00985711,0.00985711,0.00985711
25,88.3942,2.59761,2.81142,1.71155,0.24596,0.21108,0.12927,0.04275,2.67708,2.4839,1.78516,0.00984449,0.00984449,0.00984449
26,91.8573,2.56046,2.69071,1.68373,0.46292,0.09045,0.05937,0.01702,2.74817,2.71929,1.71649,0.00983133,0.00983133,0.00983133
27,95.2743,2.4081,2.63786,1.69224,0.16128,0.14594,0.09842,0.03956,2.78588,2.47642,1.73209,0.00981765,0.00981765,0.00981765
28,98.718,2.51407,2.69889,1.69571,0.20337,0.18532,0.12154,0.03542,2.91577,2.67997,1.76704,0.00980345,0.00980345,0.00980345
29,102.305,2.54723,2.62561,1.71617,0.20609,0.17081,0.1008,0.02989,2.74095,3.33027,1.7128,0.00978873,0.00978873,0.00978873
30,105.758,2.3944,2.60451,1.62819,0.10627,0.19373,0.10556,0.04042,2.6421,2.72096,1.67044,0.00977349,0.00977349,0.00977349
31,109.229,2.45976,2.54473,1.65122,0.20528,0.25872,0.14145,0.05031,2.62996,2.47747,1.82748,0.00975773,0.00975773,0.00975773
32,112.756,2.49437,2.5372,1.644,0.17818,0.21749,0.13559,0.05729,2.67235,2.22313,1.57399,0.00974145,0.00974145,0.00974145
33,116.24,2.46464,2.53194,1.62132,0.126,0.17295,0.05291,0.01668,2.91596,2.37121,1.73456,0.00972466,0.00972466,0.00972466
34,119.664,2.50242,2.59949,1.69252,0.16438,0.14594,0.08297,0.03422,2.64474,2.54889,1.70933,0.00970736,0.00970736,0.00970736
35,123.101,2.41988,2.56128,1.61619,0.04754,0.38543,0.11498,0.04249,2.80699,3.04828,1.57174,0.00968955,0.00968955,0.00968955
36,126.596,2.42758,2.4842,1.54714,0.1488,0.19606,0.07297,0.02148,2.74835,2.72398,1.78908,0.00967122,0.00967122,0.00967122
37,130.038,2.48645,2.52069,1.61578,0.21183,0.24026,0.13318,0.04187,2.53372,2.24121,1.48416,0.00965239,0.00965239,0.00965239
38,133.481,2.37826,2.44763,1.57858,0.27944,0.26292,0.14138,0.04875,2.51362,2.06949,1.52858,0.00963306,0.00963306,0.00963306
39,136.937,2.35649,2.4269,1.60248,0.18145,0.26413,0.11884,0.04028,2.7835,2.5172,1.61469,0.00961322,0.00961322,0.00961322
40,140.543,2.39505,2.47831,1.52445,0.21418,0.2768,0.14816,0.04417,2.66315,3.346,1.61053,0.00959289,0.00959289,0.00959289
41,144.075,2.42894,2.46405,1.59469,0.24567,0.25308,0.15134,0.04814,2.73453,2.33893,1.76098,0.00957205,0.00957205,0.00957205
42,147.578,2.36137,2.39263,1.52212,0.21825,0.2264,0.12282,0.04332,2.68879,2.23747,1.77185,0.00955072,0.00955072,0.00955072
43,151.18,2.37143,2.35426,1.59896,0.17574,0.15091,0.10923,0.04749,2.58124,2.27455,1.74888,0.00952889,0.00952889,0.00952889
44,154.659,2.36894,2.39854,1.53401,0.07616,0.22194,0.04471,0.01268,2.84179,5.00852,2.00555,0.00950658,0.00950658,0.00950658
45,158.117,2.32953,2.38929,1.61256,0.19662,0.27979,0.11294,0.0395,2.73177,2.71988,1.73678,0.00948377,0.00948377,0.00948377
46,161.582,2.27229,2.30199,1.52648,0.27204,0.20532,0.16327,0.05531,2.61594,2.11243,1.61386,0.00946048,0.00946048,0.00946048
47,165.033,2.36105,2.34508,1.48102,0.21088,0.27548,0.13562,0.049,2.6385,2.13254,1.59661,0.00943671,0.00943671,0.00943671
48,168.508,2.31346,2.33309,1.48555,0.23642,0.24734,0.15138,0.04935,2.75191,2.01613,1.5883,0.00941245,0.00941245,0.00941245
49,172.019,2.26976,2.31747,1.5262,0.18774,0.21211,0.09665,0.02944,2.69549,2.68462,1.60964,0.00938772,0.00938772,0.00938772
50,175.531,2.21921,2.28809,1.52335,0.22013,0.21352,0.13616,0.05168,2.49326,2.04921,1.47739,0.00936251,0.00936251,0.00936251
51,179.014,2.38654,2.35859,1.55141,0.20899,0.20754,0.11816,0.04189,2.73646,2.50279,1.54761,0.00933683,0.00933683,0.00933683
52,182.512,2.29882,2.26532,1.4795,0.2101,0.23989,0.12523,0.0407,2.71003,2.33004,1.72987,0.00931067,0.00931067,0.00931067
53,185.992,2.38414,2.29594,1.50152,0.18979,0.28403,0.12545,0.03042,2.7842,2.60525,1.7334,0.00928405,0.00928405,0.00928405
54,189.48,2.30342,2.25165,1.49881,0.23488,0.23381,0.14892,0.0387,2.68743,2.01937,1.52193,0.00925697,0.00925697,0.00925697
55,192.954,2.24992,2.18321,1.50058,0.20704,0.24413,0.14442,0.0507,2.73908,2.10751,1.58308,0.00922942,0.00922942,0.00922942
56,196.528,2.26715,2.28388,1.54689,0.26153,0.27539,0.15506,0.0435,2.63727,2.04388,1.52742,0.00920142,0.00920142,0.00920142
57,200.055,2.26214,2.20618,1.43857,0.23251,0.28684,0.14701,0.04215,2.61009,2.41678,1.47713,0.00917296,0.00917296,0.00917296
58,203.556,2.20686,2.14573,1.48644,0.23193,0.24526,0.14461,0.04759,2.82411,2.19487,1.74163,0.00914405,0.00914405,0.00914405
59,207.006,2.19638,2.12928,1.46433,0.19406,0.23024,0.13316,0.03707,2.87712,2.08622,1.84387,0.00911469,0.00911469,0.00911469
60,210.443,2.25763,2.18618,1.49134,0.23277,0.17472,0.143,0.05011,2.57459,2.10813,1.53906,0.00908488,0.00908488,0.00908488
61,213.897,2.28775,2.15327,1.48786,0.35855,0.23315,0.16414,0.05312,2.57117,1.99736,1.43077,0.00905463,0.00905463,0.00905463
62,217.389,2.33715,2.14485,1.46235,0.28204,0.20332,0.15526,0.04316,2.63441,2.21523,1.56681,0.00902395,0.00902395,0.00902395
63,220.857,2.20652,2.11704,1.45432,0.24194,0.25238,0.15157,0.05392,2.5204,2.2539,1.52709,0.00899282,0.00899282,0.00899282
64,224.324,2.19009,2.06293,1.45336,0.24206,0.25518,0.15242,0.0429,2.66952,2.26367,1.57601,0.00896127,0.00896127,0.00896127
65,227.761,2.25066,2.13719,1.47984,0.24574,0.27942,0.15835,0.04588,2.90327,1.96888,1.64947,0.00892928,0.00892928,0.00892928
66,231.254,2.11103,2.07672,1.40775,0.25265,0.24703,0.18248,0.06227,2.63226,1.96994,1.59808,0.00889687,0.00889687,0.00889687
67,234.765,2.17551,2.07169,1.46982,0.25009,0.28009,0.17246,0.05564,2.4986,1.86614,1.45458,0.00886404,0.00886404,0.00886404
68,238.233,2.23719,2.1114,1.46294,0.24685,0.31434,0.20366,0.06928,2.4426,2.09555,1.46672,0.00883079,0.00883079,0.00883079
69,241.775,2.22403,2.10723,1.48326,0.31685,0.31571,0.17583,0.0629,2.54397,2.02762,1.57079,0.00879713,0.00879713,0.00879713
70,245.244,2.20571,2.11991,1.44653,0.22633,0.28693,0.18646,0.06326,2.60058,1.96336,1.49,0.00876305,0.00876305,0.00876305
71,248.687,2.25046,2.11505,1.391,0.26762,0.30289,0.17509,0.04539,2.80393,1.98648,1.51192,0.00872857,0.00872857,0.00872857
72,252.148,2.25115,2.06788,1.44779,0.25305,0.24716,0.15484,0.05094,2.66458,2.05372,1.47314,0.00869368,0.00869368,0.00869368
73,255.665,2.2343,2.03046,1.41993,0.30162,0.27905,0.20106,0.07037,2.5786,1.86823,1.48791,0.00865839,0.00865839,0.00865839
74,259.188,2.13317,2.01836,1.44524,0.30743,0.3541,0.21359,0.07577,2.57446,1.81749,1.59826,0.00862271,0.00862271,0.00862271
75,262.668,2.18122,2.00399,1.43261,0.29746,0.3275,0.22311,0.07332,2.62443,1.85331,1.46977,0.00858664,0.00858664,0.00858664
76,266.131,2.12719,2.02561,1.44277,0.3036,0.30937,0.24473,0.09171,2.39966,1.83873,1.40223,0.00855018,0.00855018,0.00855018
77,269.625,2.17266,2.00756,1.46315,0.26709,0.26269,0.17796,0.05475,2.64257,1.93838,1.54213,0.00851333,0.00851333,0.00851333
78,273.094,2.17495,2.0596,1.46987,0.34273,0.26703,0.2102,0.0788,2.71603,2.11654,1.58647,0.00847611,0.00847611,0.00847611
79,276.554,2.19164,2.06644,1.41844,0.19156,0.26385,0.12702,0.03068,2.66588,1.9864,1.48484,0.00843851,0.00843851,0.00843851
80,280.025,2.11671,1.96546,1.43713,0.3388,0.25274,0.18906,0.06389,2.69221,1.99706,1.42063,0.00840054,0.00840054,0.00840054
81,283.518,2.13226,2.02346,1.45007,0.27076,0.30292,0.19908,0.05937,2.66634,2.12855,1.57492,0.0083622,0.0083622,0.0083622
82,286.969,2.15873,1.97614,1.4223,0.31753,0.24282,0.20875,0.05632,2.64793,2.08936,1.42497,0.00832349,0.00832349,0.00832349
83,290.508,2.10551,1.94225,1.34973,0.29152,0.3047,0.19425,0.06436,2.62776,1.84056,1.50076,0.00828443,0.00828443,0.00828443
84,293.943,2.08099,1.96928,1.3606,0.27543,0.20841,0.16071,0.04164,2.89039,1.99897,1.52957,0.00824502,0.00824502,0.00824502
85,297.341,2.13706,2.02869,1.36956,0.29847,0.28402,0.23376,0.06101,2.69571,1.98844,1.56346,0.00820525,0.00820525,0.00820525
86,300.784,2.12486,1.97557,1.43279,0.35606,0.31284,0.25378,0.0907,2.52821,1.74148,1.4984,0.00816514,0.00816514,0.00816514
87,304.218,2.19022,1.9786,1.41425,0.39918,0.18995,0.18732,0.05225,2.47256,2.21764,1.47719,0.00812468,0.00812468,0.00812468
88,307.665,2.13796,1.96054,1.45098,0.27464,0.27591,0.19801,0.06534,2.66409,1.87549,1.52792,0.00808389,0.00808389,0.00808389
89,311.089,2.16169,1.95268,1.45261,0.32784,0.2842,0.2212,0.08223,2.69818,1.98344,1.45792,0.00804277,0.00804277,0.00804277
90,314.57,2.15041,1.89872,1.40293,0.33571,0.25719,0.2144,0.07245,2.66591,1.81814,1.48552,0.00800131,0.00800131,0.00800131
91,318.055,2.17796,1.92835,1.35069,0.45774,0.31603,0.26006,0.09862,2.39789,1.79084,1.40834,0.00795954,0.00795954,0.00795954
92,321.576,2.19861,1.98117,1.37536,0.24272,0.26225,0.19031,0.06176,2.66165,2.33707,1.48247,0.00791744,0.00791744,0.00791744
93,325.023,2.12933,1.91266,1.37606,0.33305,0.29327,0.17783,0.0474,2.92719,2.18671,1.64584,0.00787503,0.00787503,0.00787503
94,328.51,2.19953,1.99574,1.4251,0.42513,0.32214,0.27777,0.09646,2.66544,1.74674,1.5026,0.00783231,0.00783231,0.00783231
95,331.953,2.12495,1.85286,1.36483,0.45428,0.36591,0.30361,0.10449,2.58669,1.67103,1.47466,0.00778929,0.00778929,0.00778929
96,335.454,2.15078,1.88133,1.38987,0.41898,0.31248,0.2621,0.10817,2.45079,1.78308,1.41559,0.00774596,0.00774596,0.00774596
97,339.034,2.11157,1.88185,1.33512,0.34489,0.36626,0.29251,0.08838,2.42825,1.75403,1.42236,0.00770234,0.00770234,0.00770234
98,342.556,2.14944,1.92101,1.4186,0.408,0.31818,0.27241,0.08121,2.70227,1.85805,1.55223,0.00765843,0.00765843,0.00765843
99,345.985,2.2128,1.92099,1.39733,0.46578,0.29776,0.27109,0.06954,2.72408,1.7366,1.5761,0.00761423,0.00761423,0.00761423
100,349.407,2.14612,1.86911,1.32264,0.38765,0.35311,0.31707,0.0964,2.59204,1.76466,1.4633,0.00756976,0.00756976,0.00756976
101,352.846,2.15009,1.83642,1.37641,0.48812,0.29969,0.26142,0.07749,2.89118,2.04944,1.74976,0.007525,0.007525,0.007525
102,356.306,2.05074,1.76056,1.32501,0.4682,0.33506,0.33737,0.10836,2.53324,1.71391,1.4743,0.00747997,0.00747997,0.00747997
103,359.779,2.11806,1.81922,1.36136,0.47213,0.28137,0.29339,0.09848,2.53195,2.00722,1.54099,0.00743468,0.00743468,0.00743468
104,363.221,2.08818,1.80003,1.38828,0.52405,0.33232,0.32213,0.11186,2.45979,1.69382,1.42514,0.00738913,0.00738913,0.00738913
105,366.719,2.10452,1.81559,1.37068,0.60174,0.26523,0.32443,0.11119,2.47718,1.65975,1.4248,0.00734332,0.00734332,0.00734332
106,370.153,2.14559,1.78081,1.42675,0.43247,0.31166,0.2915,0.07638,2.65764,1.74116,1.54277,0.00729725,0.00729725,0.00729725
107,373.589,2.04289,1.72113,1.33254,0.47375,0.33067,0.30913,0.09306,2.62304,1.58435,1.49043,0.00725094,0.00725094,0.00725094
108,377.014,2.08187,1.74697,1.38321,0.54571,0.33171,0.32734,0.09701,2.46588,1.74276,1.38085,0.00720439,0.00720439,0.00720439
109,380.445,2.07539,1.78572,1.38965,0.57135,0.31818,0.35476,0.11228,2.60734,1.64813,1.47443,0.00715761,0.00715761,0.00715761
110,383.907,2.07096,1.78539,1.36179,0.41199,0.39752,0.32864,0.10247,2.55267,1.59136,1.54224,0.00711059,0.00711059,0.00711059
111,387.357,2.10085,1.78594,1.3702,0.47991,0.35988,0.33144,0.09513,2.74395,1.65729,1.56086,0.00706335,0.00706335,0.00706335
112,390.949,2.07442,1.7713,1.33961,0.43124,0.36115,0.32285,0.09054,2.71608,1.6944,1.52843,0.00701588,0.00701588,0.00701588
113,394.453,2.09483,1.73356,1.32644,0.55381,0.30643,0.30929,0.09877,2.66292,1.65713,1.46329,0.0069682,0.0069682,0.0069682
114,398.006,2.08823,1.73783,1.33429,0.46401,0.37658,0.30756,0.10893,2.49393,1.66091,1.38,0.00692031,0.00692031,0.00692031
115,401.533,2.14058,1.80675,1.37195,0.38515,0.29395,0.24366,0.08066,2.77579,2.06987,1.56007,0.00687222,0.00687222,0.00687222
116,405.044,2.01136,1.71292,1.33035,0.61663,0.3702,0.36601,0.13393,2.41753,1.50707,1.41157,0.00682392,0.00682392,0.00682392
117,408.652,2.06875,1.73669,1.31482,0.45414,0.36364,0.34003,0.11316,2.59702,1.63657,1.53776,0.00677543,0.00677543,0.00677543
118,412.181,1.99412,1.73385,1.34743,0.49254,0.32198,0.31741,0.09707,2.63245,1.6483,1.471,0.00672675,0.00672675,0.00672675
119,415.754,2.01488,1.74131,1.35948,0.50913,0.29828,0.31823,0.09861,2.72201,1.74102,1.58992,0.00667789,0.00667789,0.00667789
120,419.265,2.06928,1.70282,1.36306,0.53064,0.40767,0.38009,0.10581,2.62813,1.94277,1.47474,0.00662885,0.00662885,0.00662885
121,422.697,2.10596,1.72195,1.3575,0.50379,0.36052,0.37322,0.13249,2.54397,1.73954,1.44059,0.00657963,0.00657963,0.00657963
122,426.183,2.05238,1.72357,1.35252,0.49122,0.41286,0.36303,0.11694,2.78171,1.55634,1.53988,0.00653025,0.00653025,0.00653025
123,429.603,2.02835,1.62538,1.31241,0.44514,0.35847,0.33918,0.12824,2.57843,1.69046,1.37263,0.00648071,0.00648071,0.00648071
124,433.039,2.10122,1.75031,1.35052,0.3787,0.39227,0.30795,0.09991,2.59403,1.75902,1.454,0.00643101,0.00643101,0.00643101
125,436.599,2.12571,1.7539,1.33727,0.56157,0.32496,0.34676,0.09817,2.66534,1.72256,1.53852,0.00638115,0.00638115,0.00638115
126,440.018,2.03004,1.67072,1.32424,0.60572,0.34586,0.33009,0.08646,2.73807,1.66248,1.48929,0.00633115,0.00633115,0.00633115
127,443.468,2.06157,1.70656,1.34253,0.49741,0.34663,0.32253,0.11441,2.60576,1.59512,1.45516,0.00628101,0.00628101,0.00628101
128,446.916,2.00459,1.59505,1.32828,0.50356,0.32957,0.34054,0.11267,2.63478,1.50633,1.40783,0.00623074,0.00623074,0.00623074
129,450.335,2.04652,1.65527,1.32261,0.55564,0.32838,0.32441,0.07922,2.74479,1.61775,1.56967,0.00618034,0.00618034,0.00618034
130,453.762,2.05472,1.63456,1.32929,0.49571,0.43103,0.41366,0.15599,2.44528,1.56122,1.36536,0.00612981,0.00612981,0.00612981
131,457.272,2.03335,1.62447,1.3047,0.57257,0.43571,0.41423,0.15617,2.50812,1.50191,1.38251,0.00607916,0.00607916,0.00607916
132,460.764,2.08503,1.64935,1.34126,0.56254,0.38984,0.4083,0.13811,2.65894,1.47316,1.52736,0.0060284,0.0060284,0.0060284
133,464.207,2.06173,1.6095,1.33651,0.64248,0.32393,0.36158,0.13111,2.50581,1.47095,1.43407,0.00597754,0.00597754,0.00597754
134,467.661,1.9977,1.673,1.34384,0.49804,0.49431,0.4593,0.14922,2.54825,1.55506,1.51462,0.00592657,0.00592657,0.00592657
135,471.097,1.9796,1.5473,1.3349,0.63739,0.41813,0.41287,0.13392,2.60654,1.6223,1.58747,0.00587551,0.00587551,0.00587551
136,474.532,2.05561,1.65483,1.37334,0.5846,0.34346,0.38062,0.13016,2.59433,1.62525,1.45444,0.00582435,0.00582435,0.00582435
137,477.988,1.98638,1.59738,1.33033,0.62577,0.38136,0.41774,0.14036,2.58727,1.46566,1.42398,0.00577311,0.00577311,0.00577311
138,481.417,1.98911,1.56358,1.32882,0.60331,0.34062,0.38052,0.12485,2.64606,1.76829,1.5121,0.00572179,0.00572179,0.00572179
139,484.887,2.00935,1.56093,1.31158,0.69826,0.42539,0.4438,0.12172,2.63883,1.35993,1.48236,0.0056704,0.0056704,0.0056704
140,488.314,1.97428,1.56297,1.32443,0.56598,0.43845,0.42483,0.14351,2.64415,1.41798,1.53224,0.00561894,0.00561894,0.00561894
141,491.818,2.02866,1.48326,1.27216,0.56677,0.38516,0.42202,0.12989,2.6855,1.68847,1.41531,0.00556742,0.00556742,0.00556742
142,495.257,2.05236,1.58282,1.34193,0.62396,0.4425,0.43394,0.12155,2.72196,1.39373,1.52916,0.00551584,0.00551584,0.00551584
143,498.687,1.96953,1.56486,1.29773,0.5809,0.45526,0.45273,0.15888,2.48017,1.40533,1.38546,0.00546421,0.00546421,0.00546421
144,502.16,1.94058,1.47937,1.31421,0.59959,0.44116,0.43329,0.14104,2.61574,1.43905,1.48081,0.00541253,0.00541253,0.00541253
145,505.605,1.97188,1.48718,1.29926,0.70329,0.35901,0.39678,0.12444,2.74764,1.43225,1.48511,0.00536081,0.00536081,0.00536081
146,509.027,1.98126,1.49231,1.29706,0.68457,0.42533,0.44563,0.13355,2.66976,1.55208,1.49887,0.00530906,0.00530906,0.00530906
147,512.452,2.00712,1.5496,1.30074,0.49033,0.47694,0.43068,0.12357,2.65169,1.51427,1.48051,0.00525728,0.00525728,0.00525728
148,515.871,1.99462,1.53705,1.26982,0.59927,0.42902,0.41623,0.12544,2.70804,1.51266,1.52589,0.00520548,0.00520548,0.00520548
149,519.283,1.94442,1.48606,1.30106,0.58322,0.36689,0.36237,0.11209,2.54235,1.41337,1.39328,0.00515366,0.00515366,0.00515366
150,522.733,1.9927,1.42173,1.26062,0.66393,0.42963,0.44749,0.17705,2.48934,1.35296,1.42213,0.00510184,0.00510184,0.00510184
151,526.208,1.97929,1.49085,1.30263,0.62102,0.4268,0.40562,0.14722,2.56946,1.40564,1.46254,0.00505,0.00505,0.00505
152,529.68,1.99216,1.48497,1.33676,0.81644,0.38476,0.46314,0.16925,2.50409,1.29393,1.4031,0.00499816,0.00499816,0.00499816
153,533.1,1.98249,1.47174,1.30223,0.53982,0.44596,0.42125,0.12102,2.71273,1.38707,1.51682,0.00494634,0.00494634,0.00494634
154,536.525,1.9493,1.46578,1.32498,0.59244,0.39896,0.41474,0.13569,2.64338,1.38222,1.48329,0.00489452,0.00489452,0.00489452
155,540.036,1.87749,1.45534,1.27822,0.513,0.43818,0.42435,0.14065,2.5979,1.41708,1.4541,0.00484272,0.00484272,0.00484272
156,543.51,1.93391,1.46868,1.30027,0.64894,0.36449,0.39672,0.15005,2.48937,1.29466,1.42169,0.00479094,0.00479094,0.00479094
157,546.941,1.89476,1.38405,1.2668,0.67672,0.40853,0.45522,0.15002,2.61267,1.37436,1.5611,0.00473919,0.00473919,0.00473919
158,550.378,1.93818,1.46319,1.27628,0.62164,0.43144,0.4414,0.13449,2.71755,1.35248,1.51916,0.00468747,0.00468747,0.00468747
159,553.812,1.96106,1.44383,1.26283,0.64692,0.43571,0.44701,0.13843,2.61012,1.3085,1.47234,0.00463579,0.00463579,0.00463579
160,557.244,1.89589,1.42599,1.28844,0.59546,0.44008,0.43268,0.14904,2.43401,1.33046,1.34779,0.00458416,0.00458416,0.00458416
161,560.673,2.02098,1.40998,1.25551,0.55675,0.45027,0.42147,0.13859,2.56966,1.37094,1.41366,0.00453258,0.00453258,0.00453258
162,564.095,1.98094,1.40526,1.24434,0.57362,0.43488,0.43875,0.1365,2.55077,1.38617,1.3939,0.00448106,0.00448106,0.00448106
163,567.547,1.99121,1.47539,1.27398,0.52148,0.47224,0.43563,0.14786,2.66117,1.42642,1.57115,0.0044296,0.0044296,0.0044296
164,570.973,1.97789,1.4953,1.28847,0.52597,0.44953,0.42038,0.1427,2.62795,1.36147,1.49063,0.00437821,0.00437821,0.00437821
165,574.398,1.88756,1.39299,1.27756,0.5867,0.41586,0.44605,0.15937,2.50358,1.35697,1.40175,0.00432689,0.00432689,0.00432689
166,577.834,1.87669,1.36493,1.28625,0.67545,0.37978,0.40983,0.12742,2.71507,1.34804,1.53002,0.00427565,0.00427565,0.00427565
167,581.258,1.85046,1.28531,1.26291,0.67183,0.45108,0.46865,0.15541,2.53288,1.30516,1.41034,0.00422449,0.00422449,0.00422449
168,584.686,1.90526,1.34775,1.23976,0.6463,0.46162,0.48635,0.15662,2.59287,1.3407,1.4241,0.00417343,0.00417343,0.00417343
169,588.176,1.90993,1.38139,1.25372,0.68793,0.46415,0.49938,0.16132,2.57658,1.39056,1.45205,0.00412246,0.00412246,0.00412246
170,591.618,1.97649,1.43482,1.30128,0.58704,0.43281,0.43689,0.16125,2.55668,1.30536,1.41832,0.0040716,0.0040716,0.0040716
171,595.084,1.90126,1.36917,1.28589,0.6498,0.50234,0.47963,0.1535,2.55409,1.27885,1.44674,0.00402084,0.00402084,0.00402084
172,598.554,1.87798,1.35747,1.28061,0.6258,0.40005,0.40018,0.1256,2.58566,1.38834,1.47507,0.00397019,0.00397019,0.00397019
173,601.98,1.92051,1.37614,1.28529,0.85143,0.39865,0.47625,0.16032,2.60963,1.26493,1.44341,0.00391966,0.00391966,0.00391966
174,605.399,1.8421,1.28067,1.27329,0.67375,0.46053,0.46166,0.15026,2.53816,1.29261,1.43202,0.00386926,0.00386926,0.00386926
175,608.822,1.90649,1.31599,1.23259,0.60262,0.45858,0.43415,0.12373,2.68785,1.30836,1.47324,0.00381899,0.00381899,0.00381899
176,612.245,1.86046,1.34817,1.24713,0.67811,0.42169,0.43178,0.13241,2.6731,1.33601,1.54781,0.00376885,0.00376885,0.00376885
177,615.676,1.89191,1.38746,1.24148,0.69021,0.40453,0.47187,0.15992,2.5039,1.29783,1.42754,0.00371885,0.00371885,0.00371885
178,619.134,1.92278,1.35903,1.25501,0.64665,0.42135,0.41779,0.14581,2.5804,1.30741,1.52456,0.00366899,0.00366899,0.00366899
179,622.561,1.86357,1.3735,1.28614,0.79794,0.42643,0.46472,0.15672,2.65715,1.28377,1.51735,0.00361929,0.00361929,0.00361929
180,625.964,1.86139,1.32576,1.27287,0.6209,0.45408,0.44184,0.14106,2.63277,1.32555,1.53357,0.00356975,0.00356975,0.00356975
181,629.37,1.87285,1.33662,1.2677,0.8058,0.39289,0.48443,0.16988,2.60503,1.28222,1.42627,0.00352037,0.00352037,0.00352037
182,632.828,1.91346,1.35602,1.25677,0.65482,0.52349,0.50805,0.1791,2.5595,1.18463,1.409,0.00347115,0.00347115,0.00347115
183,636.436,1.90653,1.37112,1.22128,0.70048,0.45197,0.47984,0.16364,2.53377,1.202,1.39202,0.00342211,0.00342211,0.00342211
184,639.877,1.84341,1.29687,1.2189,0.71324,0.44798,0.47407,0.15244,2.6848,1.20282,1.50226,0.00337325,0.00337325,0.00337325
185,643.301,1.87484,1.28374,1.21451,0.65874,0.42242,0.47538,0.16057,2.56938,1.2035,1.44659,0.00332457,0.00332457,0.00332457
186,646.753,1.9444,1.36603,1.24304,0.60105,0.4661,0.44365,0.15875,2.56277,1.19557,1.40427,0.00327608,0.00327608,0.00327608
187,650.186,1.89448,1.29692,1.22955,0.54232,0.53063,0.4879,0.17536,2.54621,1.34528,1.44552,0.00322778,0.00322778,0.00322778
188,653.63,1.89123,1.2897,1.22936,0.58598,0.52847,0.48533,0.16663,2.52609,1.20523,1.34165,0.00317969,0.00317969,0.00317969
189,657.077,1.83101,1.25879,1.20004,0.74403,0.52188,0.52292,0.18282,2.48164,1.17767,1.3672,0.0031318,0.0031318,0.0031318
190,660.571,1.84592,1.30087,1.27602,0.66533,0.50854,0.49912,0.16187,2.56166,1.18694,1.46019,0.00308412,0.00308412,0.00308412
191,663.982,1.84482,1.28127,1.22914,0.81648,0.38616,0.45643,0.14605,2.60405,1.34295,1.53553,0.00303665,0.00303665,0.00303665
192,667.432,1.85199,1.26299,1.25555,0.76481,0.41037,0.49598,0.15835,2.51305,1.37617,1.50351,0.00298941,0.00298941,0.00298941
193,670.858,1.86523,1.33864,1.23386,0.6121,0.45798,0.48193,0.16138,2.56224,1.20317,1.47142,0.00294239,0.00294239,0.00294239
194,674.296,1.835,1.28056,1.22655,0.76619,0.46012,0.51273,0.19252,2.57934,1.12917,1.46104,0.00289561,0.00289561,0.00289561
195,677.752,1.89668,1.24084,1.21418,0.67817,0.49466,0.50139,0.17133,2.59101,1.24382,1.43697,0.00284906,0.00284906,0.00284906
196,681.185,1.83665,1.23783,1.20116,0.78029,0.44872,0.49661,0.18936,2.51838,1.20868,1.40071,0.00280275,0.00280275,0.00280275
197,684.613,1.81778,1.2986,1.25213,0.78397,0.49223,0.5068,0.1719,2.65404,1.11756,1.49646,0.00275668,0.00275668,0.00275668
198,688.15,1.79866,1.27864,1.20778,0.79184,0.40579,0.44486,0.15161,2.56242,1.30189,1.48658,0.00271087,0.00271087,0.00271087
199,691.591,1.86919,1.30548,1.26534,0.75802,0.46826,0.49079,0.13457,2.71278,1.2796,1.52624,0.00266532,0.00266532,0.00266532
200,695.021,1.84878,1.27237,1.22879,0.70597,0.45057,0.48186,0.16619,2.54156,1.22343,1.42641,0.00262003,0.00262003,0.00262003
201,698.474,1.82054,1.24674,1.24103,0.73067,0.51711,0.53904,0.16719,2.66922,1.1831,1.40132,0.002575,0.002575,0.002575
202,701.93,1.84127,1.29046,1.2957,0.70312,0.4444,0.51174,0.1719,2.57698,1.22226,1.4054,0.00253024,0.00253024,0.00253024
203,705.366,1.77354,1.18598,1.22722,0.74211,0.55058,0.54541,0.19904,2.38567,1.06264,1.32635,0.00248577,0.00248577,0.00248577
204,708.866,1.85794,1.19342,1.18138,0.76687,0.48431,0.52998,0.17614,2.52868,1.14927,1.4683,0.00244157,0.00244157,0.00244157
205,712.311,1.82726,1.21641,1.21138,0.71387,0.51112,0.53654,0.16085,2.54997,1.15238,1.46637,0.00239766,0.00239766,0.00239766
206,715.743,1.86107,1.2321,1.20177,0.63121,0.50868,0.49565,0.16919,2.58994,1.22327,1.39645,0.00235404,0.00235404,0.00235404
207,719.171,1.74962,1.20095,1.18946,0.71163,0.48779,0.49667,0.18052,2.51126,1.26556,1.38119,0.00231071,0.00231071,0.00231071
208,722.63,1.83473,1.27198,1.23121,0.79508,0.44266,0.52517,0.15734,2.5912,1.1776,1.39288,0.00226769,0.00226769,0.00226769
209,726.052,1.77437,1.18952,1.17677,0.71186,0.44919,0.493,0.18607,2.46335,1.16334,1.34522,0.00222497,0.00222497,0.00222497
210,729.482,1.77183,1.22283,1.17825,0.72542,0.47204,0.49783,0.1714,2.56078,1.14862,1.34544,0.00218256,0.00218256,0.00218256
211,733.006,1.86375,1.24161,1.22669,0.63432,0.52279,0.53893,0.18771,2.39223,1.09739,1.30946,0.00214046,0.00214046,0.00214046
212,736.681,1.76014,1.17161,1.2096,0.70998,0.48152,0.48575,0.15586,2.58729,1.1124,1.37468,0.00209869,0.00209869,0.00209869
213,740.188,1.835,1.22754,1.20708,0.7755,0.52001,0.54211,0.17715,2.56343,1.18664,1.42346,0.00205723,0.00205723,0.00205723
214,743.758,1.8395,1.19358,1.22185,0.72499,0.4499,0.48675,0.16256,2.62944,1.16646,1.50945,0.00201611,0.00201611,0.00201611
215,747.241,1.76561,1.18028,1.21083,0.78708,0.5097,0.53555,0.18995,2.51338,1.14723,1.49382,0.00197532,0.00197532,0.00197532
216,750.552,1.76137,1.21175,1.20904,0.68996,0.49245,0.50409,0.16031,2.5668,1.12604,1.44726,0.00193486,0.00193486,0.00193486
217,753.917,1.82554,1.24682,1.23643,0.78097,0.50451,0.56821,0.20366,2.49745,1.11612,1.37929,0.00189475,0.00189475,0.00189475
218,757.287,1.81625,1.22884,1.19448,0.68721,0.55664,0.55722,0.1874,2.51711,1.08247,1.42944,0.00185498,0.00185498,0.00185498
219,760.608,1.78145,1.20573,1.20813,0.67804,0.56935,0.54807,0.16522,2.66712,1.17617,1.51851,0.00181557,0.00181557,0.00181557
220,763.94,1.83694,1.23372,1.2328,0.78941,0.44821,0.51027,0.18307,2.53449,1.17197,1.43727,0.00177651,0.00177651,0.00177651
221,767.241,1.83847,1.17067,1.17132,0.75114,0.50499,0.52576,0.16668,2.60324,1.09928,1.44543,0.0017378,0.0017378,0.0017378
222,770.562,1.77806,1.22345,1.18295,0.76149,0.50789,0.50923,0.17647,2.55561,1.10047,1.43374,0.00169946,0.00169946,0.00169946
223,773.865,1.79524,1.15299,1.17472,0.7243,0.51297,0.55146,0.20458,2.39106,1.05842,1.35126,0.00166149,0.00166149,0.00166149
224,777.187,1.71443,1.17577,1.17632,0.67554,0.41281,0.41929,0.14222,2.57382,1.21172,1.42556,0.00162389,0.00162389,0.00162389
225,780.471,1.75379,1.14541,1.18779,0.73869,0.48653,0.53273,0.18518,2.50226,1.11581,1.37498,0.00158667,0.00158667,0.00158667
226,783.778,1.77798,1.14131,1.17077,0.67838,0.53247,0.51727,0.18783,2.4717,1.10379,1.35678,0.00154982,0.00154982,0.00154982
227,787.121,1.77987,1.18417,1.20192,0.67839,0.54971,0.55654,0.19554,2.50983,1.14157,1.38931,0.00151336,0.00151336,0.00151336
228,790.38,1.75041,1.17457,1.18713,0.69091,0.54968,0.54392,0.20489,2.4533,1.06215,1.3899,0.00147729,0.00147729,0.00147729
229,793.688,1.82381,1.19752,1.21747,0.77195,0.51607,0.55341,0.1887,2.5295,1.08787,1.38244,0.00144161,0.00144161,0.00144161
230,796.983,1.72278,1.15902,1.20859,0.64993,0.53107,0.54346,0.1897,2.62368,1.11714,1.45524,0.00140632,0.00140632,0.00140632
231,800.267,1.77073,1.16955,1.22622,0.79514,0.4926,0.54396,0.19597,2.54782,1.10056,1.4218,0.00137143,0.00137143,0.00137143
232,803.571,1.70718,1.09164,1.17011,0.8208,0.4698,0.55708,0.19019,2.53042,1.0924,1.40805,0.00133695,0.00133695,0.00133695
233,806.837,1.78622,1.15084,1.18537,0.73457,0.55941,0.5762,0.2019,2.4924,1.06921,1.40388,0.00130287,0.00130287,0.00130287
234,810.111,1.7935,1.14345,1.19408,0.77206,0.5323,0.5519,0.2089,2.44038,1.05747,1.36358,0.00126921,0.00126921,0.00126921
235,813.435,1.72972,1.10521,1.21413,0.78632,0.53494,0.57452,0.20743,2.54035,1.06374,1.3843,0.00123596,0.00123596,0.00123596
236,816.713,1.78189,1.17347,1.19624,0.74095,0.54734,0.55807,0.19382,2.5514,1.08521,1.44314,0.00120313,0.00120313,0.00120313
237,819.999,1.82708,1.17416,1.19531,0.72936,0.5241,0.54306,0.20119,2.47465,1.07539,1.42324,0.00117072,0.00117072,0.00117072
238,823.296,1.70163,1.10081,1.15406,0.78021,0.5475,0.56682,0.19458,2.53205,1.07286,1.39539,0.00113873,0.00113873,0.00113873
239,826.561,1.70631,1.11295,1.19189,0.71391,0.54489,0.55811,0.17688,2.48795,1.09616,1.36443,0.00110718,0.00110718,0.00110718
240,829.845,1.77942,1.16043,1.18386,0.61958,0.53729,0.5295,0.18997,2.59265,1.08387,1.41161,0.00107605,0.00107605,0.00107605
241,833.109,1.70784,1.1273,1.17607,0.65274,0.5632,0.54192,0.18227,2.62617,1.11054,1.4431,0.00104537,0.00104537,0.00104537
242,836.447,1.78364,1.11033,1.20756,0.73074,0.53777,0.56166,0.19078,2.54013,1.10296,1.39527,0.00101512,0.00101512,0.00101512
243,839.764,1.71886,1.14961,1.19739,0.76134,0.52535,0.56541,0.20302,2.4556,1.0649,1.33787,0.000985311,0.000985311,0.000985311
244,843.048,1.79879,1.14085,1.2082,0.76798,0.50411,0.54331,0.19996,2.49377,1.03345,1.34191,0.000955951,0.000955951,0.000955951
245,846.302,1.76258,1.0782,1.18211,0.81002,0.5125,0.55546,0.19669,2.5074,1.05468,1.33655,0.00092704,0.00092704,0.00092704
246,849.66,1.69248,1.06951,1.15174,0.68435,0.56375,0.55546,0.19921,2.43047,1.08601,1.33305,0.000898581,0.000898581,0.000898581
247,853.212,1.7702,1.15337,1.16887,0.73692,0.5538,0.54924,0.18424,2.48546,1.09483,1.39203,0.000870577,0.000870577,0.000870577
248,856.73,1.79301,1.14963,1.19185,0.81988,0.5125,0.56869,0.19369,2.47696,1.01423,1.34298,0.000843031,0.000843031,0.000843031
249,860.267,1.78739,1.14681,1.20981,0.69336,0.54092,0.56643,0.17938,2.56365,1.07784,1.39658,0.000815947,0.000815947,0.000815947
250,863.832,1.80914,1.18429,1.21695,0.76074,0.55878,0.58154,0.18693,2.5622,1.13677,1.4378,0.000789327,0.000789327,0.000789327
251,867.312,1.76602,1.15457,1.17361,0.7506,0.57587,0.5774,0.19905,2.48783,1.06584,1.39129,0.000763174,0.000763174,0.000763174
252,870.832,1.7504,1.13325,1.21478,0.68933,0.55011,0.55664,0.18794,2.51817,1.0712,1.37071,0.000737492,0.000737492,0.000737492
253,874.33,1.76723,1.1052,1.15322,0.77053,0.49592,0.55377,0.19482,2.55713,1.08366,1.40015,0.000712282,0.000712282,0.000712282
254,877.825,1.8016,1.15745,1.16823,0.74835,0.53583,0.55823,0.18741,2.57952,1.14633,1.43651,0.000687548,0.000687548,0.000687548
255,881.404,1.71798,1.12356,1.16931,0.70204,0.55857,0.56098,0.18998,2.53191,1.12859,1.40986,0.000663292,0.000663292,0.000663292
256,884.893,1.71864,1.11609,1.18532,0.72267,0.53634,0.54676,0.18763,2.53752,1.14825,1.41176,0.000639518,0.000639518,0.000639518
257,888.397,1.77204,1.13368,1.22204,0.81154,0.50753,0.55995,0.20482,2.50954,1.10788,1.38631,0.000616227,0.000616227,0.000616227
258,891.937,1.74723,1.13466,1.22654,0.80816,0.52105,0.56611,0.2098,2.48311,1.05615,1.36318,0.000593422,0.000593422,0.000593422
259,895.558,1.74619,1.13158,1.1872,0.79579,0.52639,0.55427,0.19019,2.5587,1.13708,1.4214,0.000571106,0.000571106,0.000571106
260,899.094,1.74112,1.09633,1.12912,0.70824,0.53634,0.55162,0.18678,2.53384,1.15378,1.42055,0.000549281,0.000549281,0.000549281
261,902.59,1.74176,1.10002,1.1855,0.8109,0.50893,0.54484,0.18154,2.56029,1.0962,1.43081,0.00052795,0.00052795,0.00052795
262,906.104,1.70919,1.111,1.18729,0.73926,0.52684,0.56068,0.19173,2.54068,1.06555,1.42225,0.000507115,0.000507115,0.000507115
263,909.582,1.73793,1.12355,1.17759,0.74435,0.5295,0.56553,0.20935,2.49131,1.03404,1.40173,0.000486777,0.000486777,0.000486777
264,913.071,1.71276,1.0914,1.19324,0.72645,0.5538,0.56294,0.19962,2.55362,1.04179,1.43043,0.000466941,0.000466941,0.000466941
265,916.613,1.77908,1.11215,1.18072,0.74154,0.54954,0.55459,0.18454,2.61556,1.06192,1.46246,0.000447606,0.000447606,0.000447606
266,920.105,1.74941,1.10811,1.19509,0.75983,0.5654,0.57016,0.19837,2.57146,1.06186,1.44188,0.000428777,0.000428777,0.000428777
267,923.599,1.7031,1.07409,1.15713,0.76318,0.56505,0.56876,0.20801,2.50369,1.04736,1.40281,0.000410454,0.000410454,0.000410454
268,927.152,1.73353,1.09148,1.17729,0.71059,0.56132,0.54183,0.19768,2.48011,1.01209,1.38195,0.00039264,0.00039264,0.00039264
269,930.667,1.61067,1.01558,1.14257,0.70528,0.5538,0.54432,0.19054,2.53,1.01383,1.41298,0.000375337,0.000375337,0.000375337
270,934.165,1.67546,1.08409,1.19229,0.77592,0.49364,0.55494,0.189,2.5798,1.03866,1.44354,0.000358546,0.000358546,0.000358546
271,937.665,1.67419,1.07066,1.18552,0.8009,0.50794,0.57039,0.19616,2.55657,1.04354,1.44368,0.00034227,0.00034227,0.00034227
272,941.225,1.70233,1.09106,1.17536,0.7321,0.54897,0.57023,0.20338,2.50957,1.04959,1.41963,0.00032651,0.00032651,0.00032651
273,944.755,1.70931,1.08974,1.15705,0.81252,0.50789,0.57017,0.20849,2.48228,1.0349,1.39616,0.000311268,0.000311268,0.000311268
274,948.262,1.70657,1.08382,1.1448,0.72587,0.56235,0.58136,0.20613,2.50027,1.0303,1.39389,0.000296546,0.000296546,0.000296546
275,951.78,1.63513,1.05171,1.17255,0.77915,0.5538,0.58487,0.20591,2.50571,1.02587,1.39962,0.000282345,0.000282345,0.000282345
276,955.302,1.74212,1.10754,1.18866,0.73186,0.55996,0.57445,0.20175,2.51173,1.0145,1.39989,0.000268667,0.000268667,0.000268667
277,958.863,1.67023,1.09784,1.19598,0.76082,0.55557,0.57207,0.19767,2.51988,1.00771,1.40632,0.000255513,0.000255513,0.000255513
278,962.418,1.73367,1.11972,1.193,0.83854,0.50753,0.57175,0.19491,2.51063,1.01006,1.39957,0.000242885,0.000242885,0.000242885
279,965.95,1.67617,1.06638,1.16184,0.817,0.52142,0.573,0.19502,2.50527,1.02158,1.39883,0.000230784,0.000230784,0.000230784
280,969.532,1.72676,1.08222,1.14825,0.79558,0.54203,0.58552,0.20189,2.49058,1.01399,1.39141,0.000219212,0.000219212,0.000219212
281,973.058,1.71514,1.07959,1.13801,0.83366,0.54348,0.58193,0.20171,2.47276,1.00115,1.38521,0.000208169,0.000208169,0.000208169
282,976.566,1.69665,1.05778,1.14488,0.81967,0.53078,0.58383,0.20094,2.46902,0.98726,1.37972,0.000197658,0.000197658,0.000197658
283,980.058,1.73866,1.08561,1.17912,0.8372,0.52639,0.57935,0.19715,2.49677,0.99468,1.39579,0.000187678,0.000187678,0.000187678
284,983.572,1.65726,1.04104,1.1375,0.87854,0.5211,0.58304,0.19627,2.50106,1.01491,1.40935,0.000178232,0.000178232,0.000178232
285,987.052,1.64402,1.03009,1.13387,0.84425,0.51644,0.58205,0.1962,2.49724,1.02264,1.40415,0.00016932,0.00016932,0.00016932
286,991.334,1.68559,0.99166,1.12331,0.78165,0.57969,0.57677,0.19321,2.51498,1.04756,1.4098,0.000160943,0.000160943,0.000160943
287,994.808,1.69565,0.96812,1.08409,0.81089,0.52137,0.56997,0.18956,2.54486,1.03381,1.41659,0.000153102,0.000153102,0.000153102
288,998.294,1.67973,0.9473,1.07628,0.74138,0.58976,0.58134,0.18809,2.56795,1.01115,1.41854,0.000145798,0.000145798,0.000145798
289,1001.74,1.72558,0.96373,1.09454,0.74739,0.56766,0.58301,0.19509,2.55153,1.00362,1.40305,0.000139032,0.000139032,0.000139032
290,1005.19,1.6804,0.94346,1.08809,0.74734,0.56443,0.58156,0.19506,2.5276,0.99638,1.3866,0.000132805,0.000132805,0.000132805
291,1008.66,1.65688,0.91532,1.08109,0.71079,0.58121,0.58352,0.19465,2.52146,1.0086,1.38861,0.000127117,0.000127117,0.000127117
292,1012.19,1.68504,0.91324,1.11213,0.74664,0.56732,0.57758,0.19068,2.53712,1.02821,1.39599,0.000121968,0.000121968,0.000121968
293,1015.67,1.66667,0.90376,1.07357,0.76613,0.55247,0.57666,0.1898,2.55745,1.03371,1.40539,0.00011736,0.00011736,0.00011736
294,1019.3,1.63263,0.88883,1.07491,0.75007,0.56769,0.57231,0.18888,2.57139,1.03484,1.41352,0.000113293,0.000113293,0.000113293
295,1022.86,1.6393,0.91159,1.09877,0.74981,0.57267,0.57666,0.18841,2.57042,1.0232,1.41091,0.000109768,0.000109768,0.000109768
296,1026.39,1.67839,0.94329,1.07802,0.71565,0.58976,0.5914,0.19281,2.57315,1.02059,1.4193,0.000106784,0.000106784,0.000106784
297,1029.86,1.65747,0.88001,1.08144,0.79236,0.54846,0.59054,0.18895,2.5706,1.03367,1.42581,0.000104342,0.000104342,0.000104342
298,1033.34,1.58508,0.87717,1.05611,0.71748,0.58976,0.587,0.19131,2.56027,1.03067,1.41929,0.000102443,0.000102443,0.000102443
299,1036.84,1.66252,0.91316,1.07262,0.72261,0.59401,0.58197,0.19156,2.55733,1.02596,1.41802,0.000101086,0.000101086,0.000101086
300,1040.4,1.67135,0.90548,1.10828,0.74834,0.59398,0.57763,0.18963,2.55128,1.01972,1.41303,0.000100271,0.000100271,0.000100271
